ADDRESS,CITY,STATE OR PROVINCE,YEAR BUILT,ZIP OR POSTAL CODE,PRICE,SQUARE FEET,LATITUDE,LONGITUDE,Electricity,Natural Gas,Propane,Diesel/Heating Oil,Wood/Pellet,Solar Heating,Heat Pump,Baseboard,Furnace,Boiler,Radiator,Radiant Floor
18574 W 95th Ln,Arvada,CO,2022,80007,1163437,2667,39.869286,-105.21039,false,false,false,false,false,false,false,false,false,false,false,false
18843 W 94th Ln,Arvada,CO,2022,80007,710447,2028,39.867657,-105.21274,false,false,false,false,false,false,false,false,false,false,false,false
9411 Crestone St,Arvada,CO,2022,80007,670074,2101,39.86707,-105.21285,false,false,false,false,false,false,false,false,false,false,false,false
18322 W 95th Pl,Arvada,CO,2022,80007,1127398,3366,39.86986,-105.2072,false,false,false,false,false,false,false,false,false,false,false,false
19014 W 94th Ln,Arvada,CO,2022,80007,131060,2101,39.86753,-105.21456,false,false,false,false,false,false,false,false,false,false,false,false
18793 W 94th Ln,Arvada,CO,2022,80007,122684,1925,39.867603,-105.2122,false,false,false,false,false,false,false,false,false,false,false,false
18437 W 95th Ave,Arvada,CO,2022,80007,870400,2667,39.869286,-105.2085,false,false,false,false,false,false,false,false,false,false,false,false
18477 W 95th Ave,Arvada,CO,2022,80007,144705,3366,39.869316,-105.20904,false,false,false,false,false,false,false,false,false,false,false,false
18361 W 95th Pl,Arvada,CO,2022,80007,1006732,3366,39.870403,-105.207565,false,false,false,false,false,false,false,false,false,false,false,false
9387 Dunraven St,Arvada,CO,2022,80007,258704,2170,39.866898,-105.21586,false,false,false,false,false,false,false,false,false,false,false,false
