ADDRESS,CITY,STATE OR PROVINCE,YEAR BUILT,ZIP OR POSTAL CODE,PRICE,SQUARE FEET,LATITUDE,LONGITUDE,Electricity,Natural Gas,Propane,Diesel/Heating Oil,Wood/Pellet,Solar Heating,Heat Pump,Baseboard,Furnace,Boiler,Radiator,Radiant Floor
28448 E 8th Pl,Aurora,CO,2022,80018,450394,1752,39.7291,-104.65564,false,false,false,false,false,false,false,false,false,false,false,false
28418 E 8th Pl,Aurora,CO,2022,80018,510000,2360,39.729122,-104.65613,false,false,false,false,false,false,false,false,false,false,false,false
39 N Waterloo St,Aurora,CO,2022,80018,508000,1771,39.717,-104.66326,false,false,false,false,false,false,false,false,false,false,false,false
29 N Waterloo St,Aurora,CO,2022,80018,576270,2652,39.7165,-104.66346,false,false,false,false,false,false,false,false,false,false,false,false
28478 E 8 Pl,Aurora,CO,2022,80018,555000,2041,39.72912,-104.65522,false,false,false,false,false,false,false,false,false,false,false,false
28309 E 7 Pl,Aurora,CO,2022,80018,605000,2226,39.728035,-104.6575,false,false,false,false,false,false,false,false,false,false,false,false
