ADDRESS,CITY,STATE OR PROVINCE,YEAR BUILT,ZIP OR POSTAL CODE,PRICE,SQUARE FEET,LATITUDE,LONGITUDE,Electricity,Natural Gas,Propane,Diesel/Heating Oil,Wood/Pellet,Solar Heating,Heat Pump,Baseboard,Furnace,Boiler,Radiator,Radiant Floor
23740 E 41st Ave,Aurora,CO,2022,80019,500000,2138,39.77451,-104.710144,false,false,false,false,false,false,false,false,false,false,false,false
3853 Flat Rock St,Aurora,CO,2022,80019,760000,3515,39.772068,-104.70281,false,false,false,false,false,false,false,false,false,false,false,false
21395 E 59th Dr,Aurora,CO,2022,80019,621379,1808,39.805054,-104.73804,false,false,false,false,false,false,false,false,false,false,false,false
5984 Perth St,Aurora,CO,2022,80019,584365,2084,39.805065,-104.735085,false,false,false,false,false,false,false,false,false,false,false,false
21428 E 61st Dr,Aurora,CO,2022,80019,645559,2084,39.808044,-104.73703,false,false,false,false,false,false,false,false,false,false,false,false
6060 N Perth St,Aurora,CO,2022,80019,641288,2092,39.80688,-104.73539,false,false,false,false,false,false,false,false,false,false,false,false
21432 E 61st Dr,Aurora,CO,2022,80019,613159,2084,39.807846,-104.73712,false,false,false,false,false,false,false,false,false,false,false,false
5960 Perth St,Aurora,CO,2022,80019,566118,1808,39.804676,-104.73539,false,false,false,false,false,false,false,false,false,false,false,false
5924 Perth St,Aurora,CO,2022,80019,719440,2852,39.804077,-104.73516,false,false,false,false,false,false,false,false,false,false,false,false
6141 N Malaya St,Aurora,CO,2022,80019,653267,2386,39.807804,-104.74287,false,false,false,false,false,false,false,false,false,false,false,false
5964 Perth St,Aurora,CO,2022,80019,537668,2453,39.804714,-104.735115,false,false,false,false,false,false,false,false,false,false,false,false
5920 Perth St,Aurora,CO,2022,80019,589925,1808,39.80409,-104.73539,false,false,false,false,false,false,false,false,false,false,false,false
5966 Perth St,Aurora,CO,2022,80019,837274,2837,39.8047,-104.73496,false,false,false,false,false,false,false,false,false,false,false,false
5940 Perth St,Aurora,CO,2022,80019,547976,1796,39.804443,-104.73539,false,false,false,false,false,false,false,false,false,false,false,false
21434 E 61st Dr,Aurora,CO,2022,80019,606545,2837,39.807636,-104.73716,false,false,false,false,false,false,false,false,false,false,false,false
5890 Perth St,Aurora,CO,2022,80019,570386,2092,39.803497,-104.73539,false,false,false,false,false,false,false,false,false,false,false,false
5926 Perth St,Aurora,CO,2022,80019,480927,1808,39.80406,-104.73498,false,false,false,false,false,false,false,false,false,false,false,false
5900 Perth St,Aurora,CO,2022,80019,551459,1835,39.803825,-104.73537,false,false,false,false,false,false,false,false,false,false,false,false
6047 N Nepal Ct,Aurora,CO,2022,80019,788613,2837,39.806637,-104.73992,false,false,false,false,false,false,false,false,false,false,false,false
5069 N Quatar St,Aurora,CO,2022,80019,571637,2460,39.78715,-104.73361,false,false,false,false,false,false,false,false,false,false,false,false
20995 E 59th Ave,Aurora,CO,2022,80019,140000,2695,39.80389,-104.74268,false,false,false,false,false,false,false,false,false,false,false,false
