ADDRESS,CITY,STATE OR PROVINCE,YEAR BUILT,ZIP OR POSTAL CODE,PRICE,SQUARE FEET,LATITUDE,LONGITUDE,Electricity,Natural Gas,Propane,Diesel/Heating Oil,Wood/Pellet,Solar Heating,Heat Pump,Baseboard,Furnace,Boiler,Radiator,Radiant Floor
1201 W 144th Ct,Westminster,CO,2022,80023,2438958,5165,39.9587,-105.00198,false,false,false,false,false,false,false,false,false,false,false,false
3486 W 154th Ave,Broomfield,CO,2022,80023,1679760,4300,39.975773,-105.03277,false,true,false,false,false,false,false,false,false,false,false,false
16654 Tejon Ln,Broomfield,CO,2022,80023,910964,2628,39.99647,-105.01101,false,false,false,false,false,false,false,false,false,false,false,false
16743 Shoshone St,Broomfield,CO,2022,80023,716687,2507,39.997635,-105.00964,false,true,false,false,false,false,false,false,false,false,false,false
1221 W 144th Ct,Westminster,CO,2022,80023,1350800,4248,39.958622,-105.00274,false,false,false,false,false,false,false,false,false,false,false,false
14561 Navajo Ct,Broomfield,CO,2022,80023,266000,4260,39.9606,-105.003845,false,false,false,false,false,false,false,false,false,false,false,false
3365 W 155th Ave,Broomfield,CO,2022,80023,990000,3847,39.978474,-105.03047,false,true,false,false,false,false,false,false,false,false,false,false
1909 W 165th Way,Broomfield,CO,2022,80023,734000,2469,39.99498,-105.011795,false,true,false,false,false,false,false,false,false,false,false,false
2839 High Prairie Way,Broomfield,CO,2022,80023,325000,8216,39.969894,-105.02207,false,true,false,false,false,false,false,false,false,false,false,false
15373 Irving Ct,Broomfield,CO,2022,80023,410000,5010,39.975845,-105.03047,false,true,false,false,false,false,false,false,false,false,false,false
15970 Washington St,Broomfield,CO,2022,80023,267500,8080,39.985058,-104.97701,false,false,false,false,false,false,false,false,false,false,false,false
