ADDRESS,CITY,STATE OR PROVINCE,YEAR BUILT,ZIP OR POSTAL CODE,PRICE,SQUARE FEET,LATITUDE,LONGITUDE,Electricity,Natural Gas,Propane,Diesel/Heating Oil,Wood/Pellet,Solar Heating,Heat Pump,Baseboard,Furnace,Boiler,Radiator,Radiant Floor
317 Marshall Mews,Superior,CO,2022,80027,750744,1546,39.95066,-105.166084,false,false,false,false,false,false,false,false,false,false,false,false
315 Marshall Mews,Superior,CO,2022,80027,744819,1546,39.95074,-105.166084,false,false,false,false,false,false,false,false,false,false,false,false
313 Marshall Mews,Superior,CO,2022,80027,718367,1590,39.950813,-105.16613,false,false,false,false,false,false,false,false,false,false,false,false
148 E Douglas St,Superior,CO,2022,80027,566620,1590,39.95154,-105.166115,false,false,false,false,false,false,false,false,false,false,false,false
128 E Douglas St,Superior,CO,2022,80027,622280,1546,39.951332,-105.16619,false,false,false,false,false,false,false,false,false,false,false,false
311 Marshall Mews,Superior,CO,2022,80027,730838,1565,39.950886,-105.16613,false,false,false,false,false,false,false,false,false,false,false,false
126 Bismark Ln,Superior,CO,2022,80027,681492,1340,39.951084,-105.16632,false,false,false,false,false,false,false,false,false,false,false,false
144 E Douglas St,Superior,CO,2022,80027,670158,1565,39.951466,-105.165825,false,false,false,false,false,false,false,false,false,false,false,false
306 Marshall Mews,Superior,CO,2022,80027,654174,1565,39.951077,-105.165764,false,false,false,false,false,false,false,false,false,false,false,false
124 Bismark Ln,Superior,CO,2022,80027,739446,1546,39.951077,-105.16644,false,false,false,false,false,false,false,false,false,false,false,false
304 Marshall Mews,Superior,CO,2022,80027,685969,1340,39.951157,-105.165794,false,false,false,false,false,false,false,false,false,false,false,false
122 Bismark Ln,Superior,CO,2022,80027,704013,1340,39.951027,-105.166534,false,false,false,false,false,false,false,false,false,false,false,false
140 E Douglas St,Superior,CO,2022,80027,679656,1590,39.951447,-105.16592,false,false,false,false,false,false,false,false,false,false,false,false
120 Bismark Ln,Superior,CO,2022,80027,752980,1535,39.95103,-105.166595,false,false,false,false,false,false,false,false,false,false,false,false
120 E Douglas St,Superior,CO,2022,80027,612666,1138,39.951283,-105.16658,false,false,false,false,false,false,false,false,false,false,false,false
126 E Douglas St,Superior,CO,2022,80027,708363,1546,39.95131,-105.166275,false,false,false,false,false,false,false,false,false,false,false,false
730 Discovery Pkwy,Superior,CO,2022,80027,1162000,3338,39.94769,-105.15744,false,false,false,false,false,false,false,false,false,false,false,false
740 Promenade Dr,Superior,CO,2022,80027,937545,2291,39.948566,-105.15762,false,false,false,false,false,false,false,false,false,false,false,false
1125 Jefferson Ave,Louisville,CO,2022,80027,600000,3237,39.98114,-105.13509,false,false,false,false,false,false,false,false,true,false,false,false
551 Discovery Pkwy,Superior,CO,2022,80027,124667,3175,39.949512,-105.16114,false,false,false,false,false,false,false,false,false,false,false,false
1158 W Enclave Cir,Louisville,CO,2022,80027,1480000,5577,39.975235,-105.16688,false,false,false,false,false,false,false,false,false,false,false,false
561 Discovery Pkwy,Superior,CO,2022,80027,120667,2629,39.94923,-105.16081,false,false,false,false,false,false,false,false,false,false,false,false
