ADDRESS,CITY,STATE OR PROVINCE,YEAR BUILT,ZIP OR POSTAL CODE,PRICE,SQUARE FEET,LATITUDE,LONGITUDE,Electricity,Natural Gas,Propane,Diesel/Heating Oil,Wood/Pellet,Solar Heating,Heat Pump,Baseboard,Furnace,Boiler,Radiator,Radiant Floor
17971 E 95th Pl,Commerce City,CO,2022,80022,487832,2860,39.870502,-104.778046,false,false,false,false,false,false,false,false,false,false,false,false
16108 E 111 Pl,Commerce City,CO,2022,80022,740000,4802,39.897522,-104.80039,false,false,false,false,false,false,false,false,false,false,false,false
10205 Worchester St,Commerce City,CO,2022,80022,475000,1786,39.88136,-104.82992,false,false,false,false,false,false,false,false,false,false,false,false
5371 E 63rd Pl,Commerce City,CO,2022,80022,515000,1711,39.812138,-104.92501,false,false,false,false,false,false,false,false,false,false,false,false
9232 Rifle St,Commerce City,CO,2022,80022,612076,2872,39.86446,-104.78368,false,false,false,false,false,false,false,false,false,false,false,false
5356 E 64th Ave,Commerce City,CO,2022,80022,510000,1717,39.812576,-104.92526,false,false,false,false,false,false,false,false,false,false,false,false
11002 Ursula St,Commerce City,CO,2022,80022,565400,2030,39.89626,-104.83384,false,false,false,false,false,false,false,false,false,false,false,false
10240 Xanadu St,Commerce City,CO,2022,80022,499000,1958,39.88198,-104.82853,false,false,false,false,false,false,false,false,false,false,false,false
11001 Uvalda St,Commerce City,CO,2022,80022,593000,2140,39.896088,-104.83359,false,false,false,false,false,false,false,false,false,false,false,false
10995 Uvalda St,Commerce City,CO,2022,80022,560900,2030,39.895973,-104.83372,false,false,false,false,false,false,false,false,false,false,false,false
10988 Uvalda St,Commerce City,CO,2022,80022,580900,2140,39.89561,-104.833466,false,false,false,false,false,false,false,false,false,false,false,false
10996 Ursula St,Commerce City,CO,2022,80022,580900,2140,39.896145,-104.83397,false,false,false,false,false,false,false,false,false,false,false,false
10993 Vaughn St,Commerce City,CO,2022,80022,569000,2140,39.895542,-104.8331,false,false,false,false,false,false,false,false,false,false,false,false
10994 Uvalda St,Commerce City,CO,2022,80022,570900,2012,39.895714,-104.83334,false,false,false,false,false,false,false,false,false,false,false,false
13189 E 110th Ave,Commerce City,CO,2022,80022,576000,2030,39.895824,-104.832535,false,false,false,false,false,false,false,false,false,false,false,false
9250 Sedalia St,Commerce City,CO,2022,80022,598370,2469,39.864773,-104.781746,false,false,false,false,false,false,false,false,false,false,false,false
