ADDRESS,CITY,STATE OR PROVINCE,YEAR BUILT,ZIP OR POSTAL CODE,PRICE,SQUARE FEET,LATITUDE,LONGITUDE,Electricity,Natural Gas,Propane,Diesel/Heating Oil,Wood/Pellet,Solar Heating,Heat Pump,Baseboard,Furnace,Boiler,Radiator,Radiant Floor
5362 Pierson Ct,Wheat Ridge,CO,2022,80033,851001,4990,39.793633,-105.12233,false,false,false,false,false,false,false,false,false,false,false,false
5370 Pierson Ct,Wheat Ridge,CO,2022,80033,611711,2700,39.79376,-105.12235,false,false,false,false,false,false,false,false,false,false,false,false
5394 Pierson Ct,Wheat Ridge,CO,2022,80033,779004,2472,39.79444,-105.12226,false,false,false,false,false,false,false,false,false,false,false,false
11103 W 53rd Dr,Wheat Ridge,CO,2022,80033,606828,2568,39.794495,-105.122444,false,false,false,false,false,false,false,false,false,false,false,false
11127 W 53rd Dr,Wheat Ridge,CO,2022,80033,712507,2633,39.794483,-105.12292,false,false,false,false,false,false,false,false,false,false,false,false
3203 Hillside Dr,Wheat Ridge,CO,2022,80033,50000,4300,39.762245,-105.112076,false,false,false,false,false,false,false,false,false,false,false,false
