ADDRESS,CITY,STATE OR PROVINCE,YEAR BUILT,ZIP OR POSTAL CODE,PRICE,SQUARE FEET,LATITUDE,LONGITUDE,Electricity,Natural Gas,Propane,Diesel/Heating Oil,Wood/Pellet,Solar Heating,Heat Pump,Baseboard,Furnace,Boiler,Radiator,Radiant Floor
4632 S Kipling Cir,Denver,CO,2022,80127,717120,2681,39.631744,-105.10805,false,false,false,false,false,false,false,false,false,false,false,false
4600 S Kipling Cir,Denver,CO,2022,80127,725000,2681,39.63279,-105.107765,false,false,false,false,false,false,false,false,false,false,false,false
10219 W Coal Mine Pl,Littleton,CO,2022,80127,890277,2318,39.5972,-105.11228,false,false,false,false,false,false,false,false,false,false,false,false
6612 S Lee Way,Littleton,CO,2022,80127,996899,2229,39.596592,-105.11334,false,false,false,false,false,false,false,false,false,false,false,false
10268 W Coal Mine Pl,Littleton,CO,2022,80127,912637,2074,39.59719,-105.11354,false,false,false,false,false,false,false,false,false,false,false,false
6596 S Lewis Ct,Littleton,CO,2022,80127,902353,2318,39.597214,-105.11377,false,false,false,false,false,false,false,false,false,false,false,false
