ADDRESS,CITY,STATE OR PROVINCE,YEAR BUILT,ZIP OR POSTAL CODE,PRICE,SQUARE FEET,LATITUDE,LONGITUDE,Electricity,Natural Gas,Propane,Diesel/Heating Oil,Wood/Pellet,Solar Heating,Heat Pump,Baseboard,Furnace,Boiler,Radiator,Radiant Floor
2841 E 102nd Pl,Thornton,CO,2022,80229,649000,2154,39.882042,-104.95245,false,false,false,false,false,false,false,false,false,false,false,false
10374 Detroit St,Thornton,CO,2022,80229,658674,2154,39.88354,-104.95251,false,false,false,false,false,false,false,false,false,false,false,false
10384 Detroit St,Thornton,CO,2022,80229,750488,1963,39.883656,-104.95238,false,false,false,false,false,false,false,false,false,false,false,false
10323 Milwaukee Cir,Thornton,CO,2022,80229,608292,2006,39.882915,-104.95219,false,false,false,false,false,false,false,false,false,false,false,false
2860 E 102nd Pl,Thornton,CO,2022,80229,801367,3268,39.88158,-104.95235,false,false,false,false,false,false,false,false,false,false,false,false
2880 E 102nd Pl,Thornton,CO,2022,80229,790933,2825,39.88162,-104.95211,false,false,false,false,false,false,false,false,false,false,false,false
2920 E 102nd Pl,Thornton,CO,2022,80229,715614,2476,39.881634,-104.951775,false,false,false,false,false,false,false,false,false,false,false,false
2822 E 103rd Ave,Thornton,CO,2022,80229,690504,2868,39.882313,-104.9526,false,false,false,false,false,false,false,false,false,false,false,false
2802 E 103rd Ave,Thornton,CO,2022,80229,552000,2006,39.88233,-104.952705,false,false,false,false,false,false,false,false,false,false,false,false
2801 E 102nd Pl,Thornton,CO,2022,80229,571728,2641,39.882046,-104.95271,false,false,false,false,false,false,false,false,false,false,false,false
2821 E 102nd Pl,Thornton,CO,2022,80229,550074,2196,39.88203,-104.952644,false,false,false,false,false,false,false,false,false,false,false,false
2861 E 102nd Pl,Thornton,CO,2022,80229,509295,2008,39.882042,-104.95231,false,false,false,false,false,false,false,false,false,false,false,false
2881 E 102nd Pl,Thornton,CO,2022,80229,551552,2346,39.882046,-104.95223,false,false,false,false,false,false,false,false,false,false,false,false
10293 Milwaukee Cir,Thornton,CO,2022,80229,555086,2110,39.882477,-104.95196,false,false,false,false,false,false,false,false,false,false,false,false
10283 Milwaukee Cir,Thornton,CO,2022,80229,543614,2006,39.882454,-104.95182,false,false,false,false,false,false,false,false,false,false,false,false
2960 E 102nd Pl,Thornton,CO,2022,80229,657071,2476,39.881603,-104.95141,false,false,false,false,false,false,false,false,false,false,false,false
2940 E 102nd Pl,Thornton,CO,2022,80229,610769,1815,39.881615,-104.95155,false,false,false,false,false,false,false,false,false,false,false,false
