ADDRESS,CITY,STATE OR PROVINCE,YEAR BUILT,ZIP OR POSTAL CODE,PRICE,SQUARE FEET,LATITUDE,LONGITUDE,Electricity,Natural Gas,Propane,Diesel/Heating Oil,Wood/Pellet,Solar Heating,Heat Pump,Baseboard,Furnace,Boiler,Radiator,Radiant Floor
11609 W Linvale Pl,Lakewood,CO,2022,80228,264000,2780,39.66672,-105.128555,false,false,false,false,false,false,false,false,false,false,false,false
2776 S Simms Way,Lakewood,CO,2022,80228,350000,2530,39.666332,-105.128044,false,false,false,false,false,false,false,false,false,false,false,false
11639 W Linvale Pl,Lakewood,CO,2022,80228,180000,2270,39.666595,-105.12887,false,false,false,false,false,false,false,false,false,false,false,false
11669 W Linvale Pl,Lakewood,CO,2022,80228,180000,4591,39.666447,-105.1291,false,false,false,false,false,false,false,false,false,false,false,false
