ADDRESS,CITY,STATE OR PROVINCE,YEAR BUILT,ZIP OR POSTAL CODE,PRICE,SQUARE FEET,LATITUDE,LONGITUDE,Electricity,Natural Gas,Propane,Diesel/Heating Oil,Wood/Pellet,Solar Heating,Heat Pump,Baseboard,Furnace,Boiler,Radiator,Radiant Floor
1168 Highlands Dr,Erie,CO,2022,80516,605000,1960,40.04159,-105.0233,false,false,false,false,false,false,false,false,false,false,false,false
791 Rosevine Ln,Erie,CO,2022,80516,704000,3710,40.055477,-105.06114,false,false,false,false,false,false,false,false,false,false,false,false
920 Wildrose Pl,Erie,CO,2022,80516,645000,3868,40.056053,-105.06328,false,false,false,false,false,false,false,false,false,false,false,false
930 Meadowlark Dr,Erie,CO,2022,80516,850000,4854,40.055237,-105.06371,false,false,false,false,false,false,false,false,false,false,false,false
640 Pierce St,Erie,CO,2022,80516,335000,850,40.05079,-105.04907,false,false,false,false,false,false,false,false,false,false,false,false
1205 Red Iron Ct,Erie,CO,2022,80516,714800,2506,40.02661,-105.07533,false,false,false,false,false,false,false,false,false,false,false,false
