ADDRESS,CITY,STATE OR PROVINCE,YEAR BUILT,ZIP OR POSTAL CODE,PRICE,SQUARE FEET,LATITUDE,LONGITUDE,Electricity,Natural Gas,Propane,Diesel/Heating Oil,Wood/Pellet,Solar Heating,Heat Pump,Baseboard,Furnace,Boiler,Radiator,Radiant Floor
251 Sabin Way,Lochbuie,CO,2022,80603,485195,2113,39.996826,-104.7254,false,false,false,false,false,false,false,false,false,false,false,false
29150 E 165th Ave,Brighton,CO,2022,80603,1639900,7051,39.994854,-104.64726,false,false,false,false,false,false,false,false,false,false,false,false
220 Sabin Way,Lochbuie,CO,2022,80603,471142,1506,39.99731,-104.72525,false,false,false,false,false,false,false,false,false,false,false,false
261 Sabin Way,Lochbuie,CO,2022,80603,328650,2552,39.99672,-104.72528,false,false,false,false,false,false,false,false,false,false,false,false
260 Sabin Way,Lochbuie,CO,2022,80603,324000,1500,39.996944,-104.724815,false,false,false,false,false,false,false,false,false,false,false,false
301 Jewel St,Lochbuie,CO,2022,80603,489900,2221,40.003296,-104.7449,false,false,false,false,false,false,false,false,false,false,false,false
