ADDRESS,CITY,STATE OR PROVINCE,YEAR BUILT,ZIP OR POSTAL CODE,PRICE,SQUARE FEET,LATITUDE,LONGITUDE,Electricity,Natural Gas,Propane,Diesel/Heating Oil,Wood/Pellet,Solar Heating,Heat Pump,Baseboard,Furnace,Boiler,Radiator,Radiant Floor
15649 Mcr 7.3 Rd,Wiggins,CO,2022,80654,462000,2780,40.237095,-103.9357,false,false,false,false,false,false,false,false,false,false,false,false
403 11th Ave,Wiggins,CO,2022,80654,349500,1409,40.21544,-104.080055,false,false,false,false,false,false,false,false,false,false,false,false
112 7th Ave,Wiggins,CO,2022,80654,601057,3326,40.22241,-104.076866,false,false,false,false,false,false,false,false,false,false,false,false
516 Wildcat Pkwy,Wiggins,CO,2022,80654,400000,2163,40.21612,-104.07686,false,false,false,false,false,false,false,false,false,false,false,false
506 Wildcat Pkwy,Wiggins,CO,2022,80654,385000,2163,40.21612,-104.07686,false,false,false,false,false,false,false,false,false,false,false,false
502 Wildcat Pkwy,Wiggins,CO,2022,80654,350000,2300,40.21612,-104.07686,false,false,false,false,false,false,false,false,false,false,false,false
1214 Coyote Ln,Wiggins,CO,2022,80654,390000,2300,40.21612,-104.07686,false,false,false,false,false,false,false,false,false,false,false,false
119 7,Wiggins,CO,2022,80654,530671,2914,40.223007,-104.07774,false,false,false,false,false,false,false,false,false,false,false,false
109 7th Ave,Wiggins,CO,2022,80654,445000,2838,40.223007,-104.07622,false,false,false,false,false,false,false,false,false,false,false,false
115 7 Ave,Wiggins,CO,2022,80654,463625,2838,40.223007,-104.07718,false,false,false,false,false,false,false,false,false,false,false,false
103 7 Ave,Wiggins,CO,2022,80654,476461,2914,40.223007,-104.07537,false,false,false,false,false,false,false,false,false,false,false,false
519 Wildcat Pkwy,Wiggins,CO,2022,80654,345800,1341,40.212154,-104.08221,false,false,false,false,false,false,false,false,false,false,false,false
121 7 Ave,Wiggins,CO,2022,80654,466700,2978,40.223007,-104.078026,false,false,false,false,false,false,false,false,false,false,false,false
117 Seventh Ave,Wiggins,CO,2022,80654,435000,2838,40.223007,-104.07746,false,false,false,false,false,false,false,false,false,false,false,false
123 7 Ave,Wiggins,CO,2022,80654,464915,2914,40.223003,-104.07838,false,false,false,false,false,false,false,false,false,false,false,false
15334 Road 7.3,Wiggins,CO,2022,80654,577000,3590,40.22143,-104.008354,false,false,false,false,false,false,false,false,false,false,false,false
113 7th Ave,Wiggins,CO,2022,80654,440000,2914,40.223007,-104.07688,false,false,false,false,false,false,false,false,false,false,false,false
15593 Road 7.3,Wiggins,CO,2022,80654,504700,3172,40.221176,-104.00948,false,false,false,false,false,false,false,false,false,false,false,false
15417 Mcr 7.3 Rd,Wiggins,CO,2022,80654,571050,2926,40.270634,-104.11148,false,false,false,false,false,false,false,false,false,false,false,false
15207 County Road 7.3,Wiggins,CO,2022,80654,592275,3712,40.220345,-104.01178,false,false,false,false,false,false,false,false,false,false,false,false
