ADDRESS,CITY,STATE OR PROVINCE,YEAR BUILT,ZIP OR POSTAL CODE,PRICE,SQUARE FEET,LATITUDE,LONGITUDE,Electricity,Natural Gas,Propane,Diesel/Heating Oil,Wood/Pellet,Solar Heating,Heat Pump,Baseboard,Furnace,Boiler,Radiator,Radiant Floor
15951 Echo Rd,Fort Morgan,CO,2022,80701,365000,1236,40.27266,-103.84988,false,false,false,false,false,false,false,false,false,false,false,false
72 Lakeview Cir,Fort Morgan,CO,2022,80701,462200,2963,40.299774,-103.8074,false,false,false,false,false,false,false,false,false,false,false,false
21 Lakeview Cir,Fort Morgan,CO,2022,80701,495000,3107,40.29933,-103.80827,false,false,false,false,false,false,false,false,false,false,false,false
1500 Ouray Ave,Fort Morgan,CO,2022,80701,295000,1044,40.249767,-103.80106,false,false,false,false,false,false,false,false,false,false,false,false
20 Lakeview Cir,Fort Morgan,CO,2022,80701,530000,3425,40.298656,-103.80818,false,false,false,false,false,false,false,false,false,false,false,false
