ADDRESS,CITY,STATE OR PROVINCE,YEAR BUILT,ZIP OR POSTAL CODE,PRICE,SQUARE FEET,LATITUDE,LONGITUDE,Electricity,Natural Gas,Propane,Diesel/Heating Oil,Wood/Pellet,Solar Heating,Heat Pump,Baseboard,Furnace,Boiler,Radiator,Radiant Floor
493 Garden Park Ave,Calhan,CO,2022,80808,480350,1710,38.83737,-104.419235,false,false,false,false,false,false,false,false,false,false,false,false
22060 Cattlemen Run,Ellicott,CO,2022,80808,530647,3354,38.837833,-104.42063,false,true,false,false,false,false,false,false,false,false,false,false
22072 Cattlemen Run,Ellicott,CO,2022,80808,642383,3825,38.837833,-104.42038,false,true,false,false,false,false,false,false,false,false,false,false
22084 Cattlemen Run,Calhan,CO,2022,80808,510350,2754,38.83783,-104.420135,false,true,false,false,false,false,false,false,false,false,false,false
445 Garden Park Ave,Ellicott,CO,2022,80808,521380,3885,38.836884,-104.41925,false,true,false,false,false,false,false,false,false,false,false,false
448 Blanket Flower St,Ellicott,CO,2022,80808,509760,2825,38.83688,-104.41883,false,true,false,false,false,false,false,false,false,false,false,false
28444 Propel Pt,Calhan,CO,2022,80808,555000,1716,38.930832,-104.30184,false,false,true,false,false,false,false,false,false,false,false,false
463 Blanket Flower St,Ellicott,CO,2022,80808,400995,2001,38.83705,-104.41821,false,true,false,false,false,false,false,false,false,false,false,false
476 Garden Park Ave,Calhan,CO,2022,80808,437181,2001,38.83715,-104.41989,false,true,false,false,false,false,false,false,false,false,false,false
495 Indian Grass St,Calhan,CO,2022,80808,614636,4782,38.837265,-104.420235,false,true,false,false,false,false,false,false,false,false,false,false
22024 Cattlemen,Calhan,CO,2022,80808,465550,2405,38.837845,-104.421364,false,false,false,false,false,false,false,false,false,false,false,false
481 Indian Grass St,Calhan,CO,2022,80808,419775,2008,38.83716,-104.42033,false,false,false,false,false,false,false,false,false,false,false,false
439 Indian Grass St,Calhan,CO,2022,80808,421050,1812,38.83678,-104.420334,false,false,false,false,false,false,false,false,false,false,false,false
406 Blanket Flower St,Calhan,CO,2022,80808,423850,1686,38.836475,-104.41884,false,false,false,false,false,false,false,false,false,false,false,false
462 Blanket Flower St,Calhan,CO,2022,80808,440300,3001,38.83705,-104.41882,false,false,false,false,false,false,false,false,false,false,false,false
494 Indian Grass St,Calhan,CO,2022,80808,484850,3227,38.837395,-104.420944,false,false,false,false,false,false,false,false,false,false,false,false
444 Garden Park Ave,Calhan,CO,2022,80808,352775,2008,38.83658,-104.41961,false,false,false,false,false,false,false,false,false,false,false,false
425 Indian Grass St,Calhan,CO,2022,80808,352775,1788,38.836628,-104.420334,false,false,false,false,false,false,false,false,false,false,false,false
428 Garden Park Ave,Calhan,CO,2022,80808,456541,2008,38.836567,-104.41986,false,false,false,false,false,false,false,false,false,false,false,false
424 Indian Grass St,Calhan,CO,2022,80808,450000,3001,38.8365,-104.422516,false,true,false,false,false,false,false,false,false,false,false,false
480 Indian Grass St,Calhan,CO,2022,80808,362275,2001,38.837234,-104.420944,false,false,false,false,false,false,false,false,false,false,false,false
479 Marketplace Dr,Calhan,CO,2022,80808,386775,3001,38.83724,-104.42134,false,false,false,false,false,false,false,false,false,false,false,false
465 Marketplace Dr,Calhan,CO,2022,80808,388974,3001,38.83709,-104.42134,false,false,false,false,false,false,false,false,false,false,false,false
451 Marketplace Dr,Calhan,CO,2022,80808,401850,2001,38.83694,-104.42134,false,false,false,false,false,false,false,false,false,false,false,false
2494 N Log Rd,Calhan,CO,2022,80808,160000,4228,38.869015,-104.43619,false,false,false,false,false,false,false,false,false,false,false,false
