ADDRESS,CITY,STATE OR PROVINCE,YEAR BUILT,ZIP OR POSTAL CODE,PRICE,SQUARE FEET,LATITUDE,LONGITUDE,Electricity,Natural Gas,Propane,Diesel/Heating Oil,Wood/Pellet,Solar Heating,Heat Pump,Baseboard,Furnace,Boiler,Radiator,Radiant Floor
125 W Nevada Cir,Florissant,CO,2022,80816,629000,2100,38.878155,-105.24626,false,true,false,false,false,false,false,false,false,false,false,false
114 Homestead Ln,Florissant,CO,2022,80816,463900,1428,38.882996,-105.26695,false,true,false,false,false,false,false,false,false,false,false,false
54 Calle De La Lluvia Not Applicable,Florissant,CO,2022,80816,470000,1576,38.8767,-105.27629,false,true,false,false,false,false,false,false,false,false,false,false
128 Homestead Ln,Florissant,CO,2022,80816,470000,1510,38.883053,-105.26743,false,true,false,false,false,false,false,false,false,false,false,false
121 Cheyenne Way,Florissant,CO,2022,80816,442000,1000,38.82575,-105.25026,false,false,true,false,false,true,false,false,false,false,false,false
94 W Nevada Cir,Florissant,CO,2022,80816,395305,2200,38.87814,-105.24533,false,false,false,false,false,false,false,false,false,false,false,false
108 High Pasture Rd,Florissant,CO,2022,80816,27500,1920,38.86707,-105.26316,false,false,false,false,false,false,false,false,false,false,false,false
112 Cherokee Dr,Florissant,CO,2022,80816,58000,1650,38.75239,-105.28637,false,false,false,false,false,false,false,false,false,false,false,false
