ADDRESS,CITY,STATE OR PROVINCE,YEAR BUILT,ZIP OR POSTAL CODE,PRICE,SQUARE FEET,LATITUDE,LONGITUDE,Electricity,Natural Gas,Propane,Diesel/Heating Oil,Wood/Pellet,Solar Heating,Heat Pump,Baseboard,Furnace,Boiler,Radiator,Radiant Floor
9852 Meridian Hills Trl,Peyton,CO,2022,80831,535000,3172,38.97556,-104.58568,false,true,false,false,false,false,false,false,false,false,false,false
9850 Hidden Enclave Ct,Peyton,CO,2022,80831,609501,2944,38.974445,-104.59042,true,false,false,false,false,false,false,false,false,false,false,false
15102 Oscuro Trl,Peyton,CO,2022,80831,1275000,5200,38.937874,-104.549,false,true,false,false,false,false,false,false,false,false,false,false
13365 Savannah Falls Ct,Peyton,CO,2022,80831,555380,2916,38.98527,-104.58041,false,false,false,false,false,false,false,false,false,false,false,false
12620 Enclave Scenic Dr,Peyton,CO,2022,80831,665000,3820,38.9748,-104.59243,false,false,false,false,false,false,false,false,false,false,false,false
12923 Stone Valley Dr,Peyton,CO,2022,80831,750000,3484,38.977962,-104.584946,false,false,false,false,false,false,false,false,false,false,false,false
7621 Truchas Trl,Peyton,CO,2022,80831,950000,4688,38.940968,-104.55004,false,false,false,false,false,false,false,false,false,false,false,false
9813 Marble Canyon Way,Peyton,CO,2022,80831,649500,3441,38.9756,-104.58754,false,false,false,false,false,false,false,false,false,false,false,false
12811 Ranch Gate Dr,Falcon,CO,2022,80831,650000,3176,38.97475,-104.58464,false,false,false,false,false,false,false,false,false,false,false,false
13583 Woods Grove Dr,Peyton,CO,2022,80831,536430,3088,38.984257,-104.57778,false,false,false,false,false,false,false,false,false,false,false,false
7941 Berwyn Loop,Peyton,CO,2022,80831,472500,2289,38.946346,-104.61919,false,true,false,false,false,false,false,false,false,false,false,false
10849 Rolling Mesa Dr,Peyton,CO,2022,80831,687500,4901,38.9881,-104.58516,false,true,false,false,false,false,false,false,false,false,false,false
13567 Woods Grove Dr,Peyton,CO,2022,80831,527945,2916,38.98453,-104.577774,false,false,false,false,false,false,false,false,false,false,false,false
9860 Meridian Hills Trl,Falcon,CO,2022,80831,602318,2816,38.97562,-104.58585,false,false,false,false,false,false,false,false,false,false,false,false
11114 Rolling Mesa Dr,Peyton,CO,2022,80831,585000,3497,38.99073,-104.587944,false,false,false,false,false,false,false,false,false,false,false,false
9924 Meridian Hills Trl,Peyton,CO,2022,80831,487800,1744,38.976078,-104.586945,false,false,false,false,false,false,false,false,false,false,false,false
13559 Woods Grove Dr,Peyton,CO,2022,80831,502515,2876,38.98467,-104.577774,false,false,false,false,false,false,false,false,false,false,false,false
11031 Rolling Mesa Dr,Peyton,CO,2022,80831,609500,3649,38.990368,-104.586464,false,false,false,false,false,false,false,false,false,false,false,false
8355 Howdy Partner Vw,Peyton,CO,2022,80831,1167000,3826,38.952545,-104.46993,false,false,true,false,false,false,false,false,false,false,false,false
13438 New Ranch Dr,Peyton,CO,2022,80831,638565,3941,38.984215,-104.57673,false,false,false,false,false,false,false,false,false,false,false,false
12825 Ranch Gate Dr,Falcon,CO,2022,80831,679225,3825,38.974857,-104.58449,false,false,false,false,false,false,false,false,false,false,false,false
13575 Woods Grove Dr,Peyton,CO,2022,80831,567000,3088,38.984394,-104.57778,false,false,false,false,false,false,false,false,false,false,false,false
10825 Evening Creek Dr,Falcon,CO,2022,80831,675000,3825,38.987797,-104.586235,false,false,false,false,false,false,false,false,false,false,false,false
9811 Hidden Enclave Ct,Peyton,CO,2022,80831,620105,1843,38.974533,-104.589676,false,false,false,false,false,false,false,false,false,false,false,false
12891 Stone Valley Dr,Peyton,CO,2022,80831,685900,3537,38.97804,-104.585945,false,false,false,false,false,false,false,false,false,false,false,false
10988 Rolling Mesa Dr,Falcon,CO,2022,80831,735000,3506,38.9896,-104.58686,false,false,false,false,false,false,false,false,false,false,false,false
7987 Nico Way,Peyton,CO,2022,80831,394688,1367,38.94742,-104.62353,false,false,false,false,false,false,false,false,false,false,false,false
11129 Rolling Mesa Dr,Peyton,CO,2022,80831,505546,3474,38.991272,-104.58794,false,false,false,false,false,false,false,false,false,false,false,false
12657 Windingwalk Dr,Falcon,CO,2022,80831,668189,3453,38.97244,-104.58918,false,false,false,false,false,false,false,false,false,false,false,false
11330 Palmer Peak Pl,Falcon,CO,2022,80831,965000,3788,38.99618,-104.59119,false,false,false,false,false,false,false,false,false,false,false,false
14755 Teleo Ct,Peyton,CO,2022,80831,619999,3360,38.876556,-104.55462,false,false,true,false,false,false,false,false,false,false,false,false
10807 Rolling Mesa Dr,Peyton,CO,2022,80831,766195,5770,38.987705,-104.58478,false,false,false,false,false,false,false,false,false,false,false,false
8029 Nico Way,Peyton,CO,2022,80831,416000,1949,38.94803,-104.6231,false,false,false,false,false,false,false,false,false,false,false,false
11126 Willmore Dr,Peyton,CO,2022,80831,512712,3123,38.94991,-104.619934,false,true,false,false,false,false,false,false,false,false,false,false
11110 Willmore Dr,Peyton,CO,2022,80831,485644,2199,38.949764,-104.62031,false,true,false,false,false,false,false,false,false,false,false,false
9871 Hidden Enclave Ct,Peyton,CO,2022,80831,610000,3693,38.975033,-104.58997,false,false,false,false,false,false,false,false,false,false,false,false
10491 Rolling Peaks Dr,Peyton,CO,2022,80831,459990,2237,38.98435,-104.579926,false,false,false,false,false,false,false,false,false,false,false,false
10835 Rolling Mesa Dr,Peyton,CO,2022,80831,625900,4029,38.987965,-104.58503,false,false,false,false,false,false,false,false,false,false,false,false
13424 New Ranch Rd,Peyton,CO,2022,80831,669931,3327,38.984226,-104.57698,false,false,false,false,false,false,false,false,false,false,false,false
13410 New Ranch Rd,Peyton,CO,2022,80831,682304,3499,38.984226,-104.57723,false,false,false,false,false,false,false,false,false,false,false,false
9831 Hidden Ranch Ct,Peyton,CO,2022,80831,434990,3150,38.976242,-104.58391,false,true,false,false,false,false,false,false,false,false,false,false
8224 Thedford Ct,Peyton,CO,2022,80831,595000,3221,38.950123,-104.619736,false,false,false,false,false,false,false,false,false,false,false,false
8028 Nico Way,Peyton,CO,2022,80831,343553,1108,38.948273,-104.623535,false,false,false,false,false,false,false,false,false,false,false,false
8282 Barley Ct,Peyton,CO,2022,80831,666065,3018,38.951443,-104.61859,false,true,false,false,false,false,false,false,false,false,false,false
8010 Nico Way,Peyton,CO,2022,80831,337510,1108,38.948025,-104.62376,false,false,false,false,false,false,false,false,false,false,false,false
8252 Thedford Ct,Peyton,CO,2022,80831,531370,3221,38.95062,-104.61995,false,false,false,false,false,false,false,false,false,false,false,false
9902 Hidden Ranch Ct,Peyton,CO,2022,80831,619135,2862,38.976307,-104.585144,false,false,false,false,false,false,false,false,false,false,false,false
11291 Niebrara Dr,Peyton,CO,2022,80831,499000,3221,38.95008,-104.61712,false,false,false,false,false,false,false,false,false,false,false,false
8004 Nico Way,Peyton,CO,2022,80831,352750,1367,38.947933,-104.62381,false,false,false,false,false,false,false,false,false,false,false,false
10727 Rolling Peaks Dr,Peyton,CO,2022,80831,532530,3049,38.9878,-104.583244,false,false,false,false,false,false,false,false,false,false,false,false
10975 Rolling Mesa Dr,Peyton,CO,2022,80831,909473,6699,38.989605,-104.58617,false,false,false,false,false,false,false,false,false,false,false,false
9951 Hidden Ranch Ct,Peyton,CO,2022,80831,635213,3112,38.977,-104.58553,false,false,false,false,false,false,false,false,false,false,false,false
9938 Hidden Ranch Ct,Peyton,CO,2022,80831,620135,2851,38.976482,-104.58566,false,false,false,false,false,false,false,false,false,false,false,false
10154 Boulder Ridge Dr,Peyton,CO,2022,80831,679500,4390,38.97822,-104.58326,false,false,false,false,false,false,false,false,false,false,false,false
8034 Nico Way,Peyton,CO,2022,80831,435900,1727,38.948345,-104.62344,false,false,false,false,false,false,false,false,false,false,false,false
13130 W Crooked Hill Dr,Peyton,CO,2022,80831,589425,3509,38.98602,-104.58358,false,true,false,false,false,false,false,false,false,false,false,false
8016 Nico Way,Peyton,CO,2022,80831,437900,1727,38.948112,-104.62369,false,false,false,false,false,false,false,false,false,false,false,false
8088 Nico Way,Peyton,CO,2022,80831,445000,1949,38.948658,-104.62239,false,false,false,false,false,false,false,false,false,false,false,false
11069 Silky Thread Rd,Peyton,CO,2022,80831,532913,2659,38.95015,-104.62009,false,true,false,false,false,false,false,false,false,false,false,false
7139 Wrangler Ranch Vw,Peyton,CO,2022,80831,1018505,3514,38.93486,-104.46302,false,false,true,false,false,false,false,false,false,false,false,false
12867 Stone Valley Dr,Colorado Springs,CO,2022,80831,611819,2948,38.97803,-104.58662,false,false,false,false,false,false,false,false,false,false,false,false
7515 Cowboy Ranch Vw,Peyton,CO,2022,80831,1132035,3966,38.93976,-104.505394,false,false,true,false,false,false,false,false,false,false,false,false
11063 Silky Thread Rd,Peyton,CO,2022,80831,555949,2782,38.950073,-104.620285,false,true,false,false,false,false,false,false,false,false,false,false
8022 Nico Way,Peyton,CO,2022,80831,450075,1950,38.948196,-104.62361,false,false,false,false,false,false,false,false,false,false,false,false
8255 Ansley Ct,Peyton,CO,2022,80831,461900,2199,38.950867,-104.617226,false,false,false,false,false,false,false,false,false,false,false,false
8041 Nico Way,Peyton,CO,2022,80831,399675,1108,38.948097,-104.62299,false,false,false,false,false,false,false,false,false,false,false,false
12668 Enclave Scenic Dr,Peyton,CO,2022,80831,605165,3133,38.974922,-104.590996,false,true,false,false,false,false,false,false,false,false,false,false
8047 Nico Way,Peyton,CO,2022,80831,400950,1367,38.94816,-104.62289,false,false,false,false,false,false,false,false,false,false,false,false
10578 Rolling Peaks Dr,Peyton,CO,2022,80831,503480,2750,38.985054,-104.58154,false,false,false,false,false,false,false,false,false,false,false,false
8071 Nico Way,Peyton,CO,2022,80831,356956,1372,38.9483,-104.62264,false,false,false,false,false,false,false,false,false,false,false,false
9956 Meridian Trl,Peyton,CO,2022,80831,652174,4174,38.97631,-104.60824,false,false,false,false,false,false,false,false,false,false,false,false
12670 Granite Ridge Dr,Peyton,CO,2022,80831,499990,3104,38.97392,-104.59009,false,true,false,false,false,false,false,false,false,false,false,false
8282 Ansley Ct,Peyton,CO,2022,80831,480595,2199,38.95111,-104.61781,false,true,false,false,false,false,false,false,false,false,false,false
8089 Nico Way,Peyton,CO,2022,80831,388275,1108,38.948334,-104.62237,false,false,false,false,false,false,false,false,false,false,false,false
12692 Enclave Scenic Dr,Peyton,CO,2022,80831,595722,4174,38.97528,-104.59052,false,false,false,false,false,false,false,false,false,false,false,false
13551 Woods Grove Dr,Peyton,CO,2022,80831,618845,3159,38.984814,-104.57777,false,true,false,false,false,false,false,false,false,false,false,false
10751 Rolling Peaks Dr,Peyton,CO,2022,80831,560845,3159,38.98813,-104.58378,false,false,false,false,false,false,false,false,false,false,false,false
11360 Palmer Peak Pl,Peyton,CO,2022,80831,1218223,3832,38.996758,-104.59148,false,true,false,false,false,false,false,false,false,false,false,false
8095 Nico Way,Peyton,CO,2022,80831,382900,1705,38.948353,-104.62223,false,false,false,false,false,false,false,false,false,false,false,false
13154 Crooked Hill Dr,Peyton,CO,2022,80831,580000,3159,38.986233,-104.5832,false,false,false,false,false,false,false,false,false,false,false,false
13147 Parkland Dr,Peyton,CO,2022,80831,567485,3509,38.986393,-104.58363,false,false,false,false,false,false,false,false,false,false,false,false
8051 Berwyn Loop,Peyton,CO,2022,80831,560000,2723,38.947536,-104.61736,false,true,false,false,false,false,false,false,false,false,false,false
8040 Nico Way,Peyton,CO,2022,80831,405000,1367,38.94841,-104.62333,false,false,false,false,false,false,false,false,false,false,false,false
10750 Rolling Peaks Dr,Peyton,CO,2022,80831,481185,2750,38.987823,-104.58435,false,false,false,false,false,false,false,false,false,false,false,false
12756 Enclave Scenic Dr,Peyton,CO,2022,80831,598685,3384,38.976242,-104.58925,false,false,false,false,false,false,false,false,false,false,false,false
12732 Enclave Scenic Dr,Peyton,CO,2022,80831,111565,3396,38.975876,-104.589714,false,false,false,false,false,false,false,false,false,false,false,false
10523 Rolling Peaks Dr,Peyton,CO,2022,80831,575460,3509,38.98476,-104.58047,false,false,false,false,false,false,false,false,false,false,false,false
8058 Nico Way,Peyton,CO,2022,80831,407950,1367,38.948563,-104.623,false,false,false,false,false,false,false,false,false,false,false,false
10726 Rolling Peaks Dr,Peyton,CO,2022,80831,561445,3509,38.987656,-104.58374,false,false,false,false,false,false,false,false,false,false,false,false
13142 Crooked Hill Dr,Peyton,CO,2022,80831,500110,2750,38.98613,-104.58337,false,false,false,false,false,false,false,false,false,false,false,false
13166 Crooked Hill Dr,Peyton,CO,2022,80831,573185,3464,38.986332,-104.58303,false,false,false,false,false,false,false,false,false,false,false,false
13194 Valley Peak Dr,Peyton,CO,2022,80831,568075,3509,38.98557,-104.58192,false,false,false,false,false,false,false,false,false,false,false,false
9885 Meridian Hills Trl,Peyton,CO,2022,80831,510000,3644,38.976215,-104.58607,false,true,false,false,false,false,false,false,false,false,false,false
8064 Nico Way,Peyton,CO,2022,80831,433600,1727,38.9487,-104.62264,false,false,false,false,false,false,false,false,false,false,false,false
13225 Stone Peaks Way,Peyton,CO,2022,80831,675000,3971,38.97571,-104.58102,false,true,false,false,false,false,false,false,false,false,false,false
10710 Rolling Peaks Dr,Peyton,CO,2022,80831,472105,2750,38.987244,-104.58347,false,false,false,false,false,false,false,false,false,false,false,false
13190 Crooked Hill Dr,Peyton,CO,2022,80831,574320,3509,38.98655,-104.58267,false,false,false,false,false,false,false,false,false,false,false,false
10562 Rolling Peaks Dr,Peyton,CO,2022,80831,495569,3049,38.98483,-104.58133,false,false,false,false,false,false,false,false,false,false,false,false
10469 Summer Ridge Dr,Peyton,CO,2022,80831,506879,2823,38.983437,-104.5804,false,true,false,false,false,false,false,false,false,false,false,false
12972 Stone Valley Dr,Falcon,CO,2022,80831,809383,4491,38.978107,-104.58392,false,false,false,false,false,false,false,false,false,false,false,false
13170 Valley Peak Dr,Peyton,CO,2022,80831,523105,2489,38.985397,-104.58221,false,false,false,false,false,false,false,false,false,false,false,false
10546 Rolling Peaks Dr,Peyton,CO,2022,80831,495985,2489,38.98461,-104.581116,false,false,false,false,false,false,false,false,false,false,false,false
8076 Nico Way,Peyton,CO,2022,80831,403650,1108,38.948647,-104.62263,false,false,false,false,false,false,false,false,false,false,false,false
10586 Rolling Peaks Dr,Peyton,CO,2022,80831,562610,3159,38.985176,-104.58167,false,false,false,false,false,false,false,false,false,false,false,false
10507 Rolling Peaks Dr,Peyton,CO,2022,80831,534525,2489,38.984543,-104.58022,false,false,false,false,false,false,false,false,false,false,false,false
10555 Rolling Peaks Dr,Peyton,CO,2022,80831,506135,3049,38.985252,-104.580864,false,false,false,false,false,false,false,false,false,false,false,false
12863 Morning Creek Dr,Peyton,CO,2022,80831,765000,5770,38.97294,-104.581924,false,false,false,false,false,false,false,false,false,false,false,false
10515 Rolling Peaks Dr,Peyton,CO,2022,80831,523890,3159,38.98465,-104.58034,false,false,false,false,false,false,false,false,false,false,false,false
10547 Rolling Peaks Dr,Peyton,CO,2022,80831,487680,2750,38.985126,-104.580795,false,false,false,false,false,false,false,false,false,false,false,false
10522 Rolling Peaks Dr,Peyton,CO,2022,80831,591000,3159,38.984253,-104.58077,false,false,false,false,false,false,false,false,false,false,false,false
9828 Meridian Hills Trl,Falcon,CO,2022,80831,586875,2610,38.975414,-104.58535,false,false,false,false,false,false,false,false,false,false,false,false
10718 Rolling Peaks Dr,Peyton,CO,2022,80831,547590,3159,38.98737,-104.58365,false,false,false,false,false,false,false,false,false,false,false,false
13178 Crooked Hill Dr,Peyton,CO,2022,80831,505385,3049,38.986435,-104.582855,false,false,false,false,false,false,false,false,false,false,false,false
10530 Rolling Peaks Dr,Peyton,CO,2022,80831,526060,2489,38.98438,-104.580894,false,false,false,false,false,false,false,false,false,false,false,false
10570 Rolling Peaks Dr,Peyton,CO,2022,80831,513215,2489,38.98494,-104.58143,false,false,false,false,false,false,false,false,false,false,false,false
10539 Rolling Peaks Dr,Peyton,CO,2022,80831,520995,2489,38.985264,-104.58088,false,false,false,false,false,false,false,false,false,false,false,false
13177 Crooked Hill Dr,Peyton,CO,2022,80831,509825,2750,38.986008,-104.58248,false,false,false,false,false,false,false,false,false,false,false,false
12723 Enclave Scenic Dr,Peyton,CO,2022,80831,84240,1777,38.975445,-104.5894,false,false,false,false,false,false,false,false,false,false,false,false
12847 Morning Creek Ln,Peyton,CO,2022,80831,740000,5938,38.97274,-104.5824,false,true,false,false,false,false,false,false,false,false,false,false
10558 Summer Ridge Dr,Peyton,CO,2022,80831,480165,3120,38.984627,-104.58248,false,false,false,false,false,false,false,false,false,false,false,false
9752 Marble Canyon Way,Peyton,CO,2022,80831,117780,1843,38.974648,-104.58658,false,false,false,false,false,false,false,false,false,false,false,false
12707 Enclave Scenic Dr,Peyton,CO,2022,80831,81640,3769,38.975204,-104.58972,false,false,false,false,false,false,false,false,false,false,false,false
10505 Summer Ridge Dr,Peyton,CO,2022,80831,566215,3159,38.983913,-104.58096,false,false,false,false,false,false,false,false,false,false,false,false
17010 Red Barn Rd,Peyton,CO,2022,80831,185000,1983,39.09638,-104.51296,false,false,false,false,false,false,false,false,false,false,false,false
10960 Rolling Mesa Dr,Peyton,CO,2022,80831,98800,6193,38.9892,-104.58668,false,false,false,false,false,false,false,false,false,false,false,false
11181 Palmer Peak Pl,Peyton,CO,2022,80831,172200,3857,38.994587,-104.58879,false,false,false,false,false,false,false,false,false,false,false,false
1915 Terri Lee Dr,Peyton,CO,2022,80831,850000,3544,38.859158,-104.53687,false,false,false,false,false,false,false,false,false,false,false,false
10974 Rolling Mesa Dr,Peyton,CO,2022,80831,98800,3004,38.989395,-104.58677,false,false,false,false,false,false,false,false,false,false,false,false
12731 Enclave Scenic Dr,Peyton,CO,2022,80831,84760,3985,38.975586,-104.589226,false,false,false,false,false,false,false,false,false,false,false,false
9831 Hidden Enclave Ct,Peyton,CO,2022,80831,90480,3517,38.97476,-104.58961,false,false,false,false,false,false,false,false,false,false,false,false
9722 Marble Canyon Way,Peyton,CO,2022,80831,117520,2245,38.97418,-104.58586,false,false,false,false,false,false,false,false,false,false,false,false
10790 Rolling Peaks Dr,Peyton,CO,2022,80831,284960,6149,38.98856,-104.585045,false,false,false,false,false,false,false,false,false,false,false,false
9862 Marble Canyon Way,Peyton,CO,2022,80831,83980,3938,38.975815,-104.58868,false,false,false,false,false,false,false,false,false,false,false,false
10814 Evening Creek Dr,Peyton,CO,2022,80831,473200,2576,38.987373,-104.58666,false,false,false,false,false,false,false,false,false,false,false,false
9925 Meridian Hills Trl,Peyton,CO,2022,80831,81100,3837,38.976498,-104.5866,false,false,false,false,false,false,false,false,false,false,false,false
11390 Palmer Peak Pl,Peyton,CO,2022,80831,183600,4340,38.99739,-104.59119,false,false,false,false,false,false,false,false,false,false,false,false
15915 Mccara Ct,Peyton,CO,2022,80831,110000,3102,38.98794,-104.53276,false,false,false,false,false,false,false,false,false,false,false,false
Falcon Hwy,Peyton,CO,2022,80831,125000,3671,38.9267,-104.48734,false,false,false,false,false,false,false,false,false,false,false,false
8131 Wrangler Ranch Vw,Peyton,CO,2022,80831,199900,3958,38.94896,-104.47675,false,false,false,false,false,false,false,false,false,false,false,false
19555 Birdseye Vw,Peyton,CO,2022,80831,240000,5679,39.119884,-104.494736,false,false,false,false,false,false,false,false,false,false,false,false
18310 Steeplechase Dr,Peyton,CO,2022,80831,127000,2600,39.08481,-104.48838,true,false,false,false,false,false,false,false,false,false,false,false
17802 Pinon Park Rd,Peyton,CO,2022,80831,69500,456,39.087265,-104.49774,false,false,false,false,false,false,false,false,true,false,false,false
20885 Starscape Vw,Peyton,CO,2022,80831,210000,3472,38.872658,-104.44079,false,false,false,false,false,false,false,false,false,false,false,false
