ADDRESS,CITY,STATE OR PROVINCE,YEAR BUILT,ZIP OR POSTAL CODE,PRICE,SQUARE FEET,LATITUDE,LONGITUDE,Electricity,Natural Gas,Propane,Diesel/Heating Oil,Wood/Pellet,Solar Heating,Heat Pump,Baseboard,Furnace,Boiler,Radiator,Radiant Floor
936 Locklin Way,Woodland Park,CO,2022,80863,1270903,3530,38.994637,-105.03694,false,true,false,false,false,false,false,false,false,false,false,false
1115 Highlands Ct,Woodland Park,CO,2022,80863,916750,2284,38.992752,-105.03638,false,true,false,false,false,false,false,false,false,false,false,false
315 S Fairview St,Woodland Park,CO,2022,80863,560000,1630,38.991474,-105.05143,false,true,false,false,false,false,false,false,false,false,false,false
147 Illini Dr,Woodland Park,CO,2022,80863,688448,2676,38.979374,-105.08716,false,false,false,false,false,false,false,false,false,false,false,false
510 Crestview Ln,Woodland Park,CO,2022,80863,670000,3584,38.999264,-105.0763,false,true,false,false,false,false,false,false,false,false,false,false
935 Locklin Way,Woodland Park,CO,2022,80863,1282609,5982,38.994144,-105.036476,false,true,false,false,false,false,false,false,false,false,false,false
522 Brecken Ct #B,Woodland Park,CO,2022,80863,449000,1400,38.97539,-105.03729,false,true,false,false,false,false,false,false,false,false,false,false
520 Brecken Ct #A,Woodland Park,CO,2022,80863,458351,1400,38.97539,-105.03729,false,true,false,false,false,false,false,false,false,false,false,false
1120 Highlands Ct,Woodland Park,CO,2022,80863,879000,2284,38.992416,-105.03577,false,true,false,false,false,false,false,false,false,false,false,false
1156 Ptarmigan Dr,Woodland Park,CO,2022,80863,689000,2133,39.00409,-105.06613,false,true,false,false,false,false,false,false,false,false,false,false
1390 Roberts Ranch Rd,Woodland Park,CO,2022,80863,564363,2374,39.013004,-105.067955,false,true,false,false,false,false,false,false,false,false,false,false
